tile_index,RA,Dec,tile_prob
690,269.368102,33.401783,0.8207627240098396
731,268.570759,40.257437,0.13197899528857757
